zoneId;Attractivity:Work;Attractivity:Business;Attractivity:Otherhome;Attractivity:Education;Attractivity:Shopping;Attractivity:Leisure;Attractivity:Service;Attractivity:Education_Primary;Attractivity:Education_Secondary;Attractivity:Education_Tertiary;Attractivity:Education_Occup;Attractivity:Leisure_Indoor;Attractivity:Leisure_Outdoor;Attractivity:Leisure_Walk;Attractivity:Shopping_Daily;Attractivity:Shopping_Other;Attractivity:Private_Business;Attractivity:Private_Visit
1;140;0;0;0;40;40;10;0;0;0;0;0;0;4;0;0;0;0
2;10;0;0;0;20;0;20;0;0;0;0;0;0;0;0;0;0;0
3;10;0;0;0;10;0;20;0;0;0;0;0;0;0;0;0;0;0
4;30;0;0;10;70;140;180;0;0;0;0;0;0;2;0;0;0;0
5;20;0;0;10;20;0;0;0;0;0;0;0;0;33;0;0;0;0
6;30;0;0;0;160;80;120;0;0;0;0;0;0;3;0;0;0;0
7;20;0;0;0;10;140;100;0;0;0;0;0;0;15;0;0;0;0
8;30;0;0;0;370;70;130;0;0;0;0;0;0;0;0;0;0;0
9;40;0;0;10;10;110;50;0;0;0;0;0;0;3;0;0;0;0
10;40;0;0;0;20;60;20;0;0;0;0;0;0;9;0;0;0;0
11;20;0;0;10;0;90;50;0;0;0;0;0;0;4;0;0;0;0
12;20;0;0;10;0;0;0;0;0;0;0;0;0;6;0;0;0;0
13;50;0;0;0;140;120;140;0;0;0;0;0;0;8;0;0;0;0
14;20;0;0;0;10;40;0;0;0;0;0;0;0;4;0;0;0;0
15;30;0;0;0;80;100;50;0;0;0;0;0;0;2;0;0;0;0
16;20;0;0;10;80;180;40;0;0;0;0;0;0;11;0;0;0;0
17;0;0;0;0;0;10;20;0;0;0;0;0;0;2;0;0;0;0
18;50;0;0;10;10;10;50;0;0;0;0;0;0;3;0;0;0;0
19;10;0;0;0;0;0;0;0;0;0;0;0;0;5;0;0;0;0
20;20;0;0;0;0;0;20;0;0;0;0;0;0;1;0;0;0;0
21;10;0;0;0;40;40;0;0;0;0;0;0;0;0;0;0;0;0
22;10;0;0;10;0;20;10;0;0;0;0;0;0;3;0;0;0;0
23;30;0;0;0;120;60;120;0;0;0;0;0;0;0;0;0;0;0
24;0;0;0;0;0;0;10;0;0;0;0;0;0;4;0;0;0;0
25;0;0;0;0;20;20;0;0;0;0;0;0;0;0;0;0;0;0
26;0;0;0;0;0;0;20;0;0;0;0;0;0;3;0;0;0;0
27;10;0;0;0;20;0;0;0;0;0;0;0;0;0;0;0;0;0
28;0;0;0;0;0;0;0;0;0;0;0;0;0;2;0;0;0;0
29;40;0;0;0;20;80;20;0;0;0;0;0;0;9;0;0;0;0
30;30;0;0;0;40;0;50;0;0;0;0;0;0;5;0;0;0;0
31;20;0;0;0;0;20;0;0;0;0;0;0;0;1;0;0;0;0
32;20;0;0;0;20;30;10;0;0;0;0;0;0;11;0;0;0;0
33;50;0;0;10;70;80;100;0;0;0;0;0;0;6;0;0;0;0
34;10;0;0;0;0;0;0;0;0;0;0;0;0;5;0;0;0;0
35;10;0;0;0;80;0;50;0;0;0;0;0;0;0;0;0;0;0
36;20;0;0;0;0;40;20;0;0;0;0;0;0;6;0;0;0;0
37;0;0;0;0;0;0;20;0;0;0;0;0;0;5;0;0;0;0
38;20;0;0;10;0;30;30;0;0;0;0;0;0;3;0;0;0;0
39;10;0;0;0;0;20;10;0;0;0;0;0;0;6;0;0;0;0
40;20;0;0;10;0;0;20;0;0;0;0;0;0;0;0;0;0;0
41;10;0;0;0;20;0;10;0;0;0;0;0;0;13;0;0;0;0
42;20;0;0;0;0;70;0;0;0;0;0;0;0;5;0;0;0;0
43;30;0;0;0;80;90;10;0;0;0;0;0;0;7;0;0;0;0
44;20;0;0;0;20;10;20;0;0;0;0;0;0;0;0;0;0;0
45;40;0;0;0;0;0;40;0;0;0;0;0;0;0;0;0;0;0
46;10;0;0;0;0;90;0;0;0;0;0;0;0;0;0;0;0;0
47;10;0;0;0;0;0;0;0;0;0;0;0;0;0;0;0;0;0
48;10;0;0;0;0;20;0;0;0;0;0;0;0;6;0;0;0;0
49;20;0;0;10;0;0;10;0;0;0;0;0;0;6;0;0;0;0
50;20;0;0;0;10;80;10;0;0;0;0;0;0;0;0;0;0;0
51;20;0;0;10;0;10;20;0;0;0;0;0;0;7;0;0;0;0
52;0;0;0;0;70;80;0;0;0;0;0;0;0;0;0;0;0;0
53;0;0;0;0;0;10;0;0;0;0;0;0;0;0;0;0;0;0
54;10;0;0;0;0;40;0;0;0;0;0;0;0;0;0;0;0;0
55;20;0;0;0;100;100;30;0;0;0;0;0;0;0;0;0;0;0
56;30;0;0;20;40;40;0;0;0;0;0;0;0;2;0;0;0;0
57;0;0;0;0;0;10;0;0;0;0;0;0;0;1;0;0;0;0
58;10;0;0;10;0;0;20;0;0;0;0;0;0;3;0;0;0;0
59;40;0;0;0;40;0;10;0;0;0;0;0;0;5;0;0;0;0
60;20;0;0;10;0;0;0;0;0;0;0;0;0;1;0;0;0;0
61;0;0;0;0;0;10;0;0;0;0;0;0;0;0;0;0;0;0
62;10;0;0;0;0;20;10;0;0;0;0;0;0;0;0;0;0;0
63;50;0;0;0;100;180;120;0;0;0;0;0;0;9;0;0;0;0
64;0;0;0;10;0;0;0;0;0;0;0;0;0;0;0;0;0;0
65;40;0;0;0;0;80;0;0;0;0;0;0;0;9;0;0;0;0
66;0;0;0;10;0;0;0;0;0;0;0;0;0;11;0;0;0;0
67;10;0;0;0;0;0;0;0;0;0;0;0;0;2;0;0;0;0
68;10;0;0;10;0;20;0;0;0;0;0;0;0;0;0;0;0;0
69;40;0;0;10;20;60;40;0;0;0;0;0;0;10;0;0;0;0
70;50;0;0;10;140;70;30;0;0;0;0;0;0;6;0;0;0;0
71;20;0;0;0;10;20;10;0;0;0;0;0;0;1;0;0;0;0
72;10;0;0;0;60;110;20;0;0;0;0;0;0;5;0;0;0;0
73;10;0;0;10;0;0;0;0;0;0;0;0;0;6;0;0;0;0
74;20;0;0;0;0;20;20;0;0;0;0;0;0;0;0;0;0;0
75;0;0;0;10;0;10;30;0;0;0;0;0;0;23;0;0;0;0
76;10;0;0;10;0;10;20;0;0;0;0;0;0;8;0;0;0;0
77;30;0;0;0;0;20;0;0;0;0;0;0;0;8;0;0;0;0
78;0;0;0;0;0;0;10;0;0;0;0;0;0;5;0;0;0;0
79;10;0;0;0;10;20;20;0;0;0;0;0;0;3;0;0;0;0
80;20;0;0;0;0;0;0;0;0;0;0;0;0;4;0;0;0;0
81;20;0;0;0;40;20;10;0;0;0;0;0;0;4;0;0;0;0
82;20;0;0;0;20;10;50;0;0;0;0;0;0;17;0;0;0;0
83;10;0;0;10;20;60;0;0;0;0;0;0;0;5;0;0;0;0
84;60;0;0;0;60;10;20;0;0;0;0;0;0;1;0;0;0;0
85;0;0;0;0;0;0;0;0;0;0;0;0;0;5;0;0;0;0
86;0;0;0;0;0;0;0;0;0;0;0;0;0;0;0;0;0;0
87;30;0;0;10;20;150;50;0;0;0;0;0;0;0;0;0;0;0
88;0;0;0;0;0;10;0;0;0;0;0;0;0;3;0;0;0;0
89;40;0;0;0;0;20;20;0;0;0;0;0;0;0;0;0;0;0
90;10;0;0;0;120;110;320;0;0;0;0;0;0;1;0;0;0;0
91;0;0;0;0;0;0;10;0;0;0;0;0;0;6;0;0;0;0
92;20;0;0;0;40;20;0;0;0;0;0;0;0;0;0;0;0;0
93;20;0;0;0;40;10;20;0;0;0;0;0;0;1;0;0;0;0
94;30;0;0;0;40;10;0;0;0;0;0;0;0;2;0;0;0;0
95;0;0;0;10;0;0;20;0;0;0;0;0;0;2;0;0;0;0
96;0;0;0;0;0;0;0;0;0;0;0;0;0;0;0;0;0;0
97;90;0;0;10;0;40;50;0;0;0;0;0;0;4;0;0;0;0
98;10;0;0;0;10;10;20;0;0;0;0;0;0;1;0;0;0;0
99;30;0;0;0;80;100;20;0;0;0;0;0;0;0;0;0;0;0
100;40;0;0;0;0;0;20;0;0;0;0;0;0;0;0;0;0;0
101;0;0;0;0;0;10;20;0;0;0;0;0;0;1;0;0;0;0
102;0;0;0;0;0;0;10;0;0;0;0;0;0;8;0;0;0;0
103;0;0;0;10;0;20;0;0;0;0;0;0;0;2;0;0;0;0
104;10;0;0;0;0;0;0;0;0;0;0;0;0;4;0;0;0;0
105;10;0;0;0;10;10;0;0;0;0;0;0;0;8;0;0;0;0
106;10;0;0;0;0;0;30;0;0;0;0;0;0;9;0;0;0;0
107;0;0;0;20;0;0;10;0;0;0;0;0;0;6;0;0;0;0
108;10;0;0;0;0;0;0;0;0;0;0;0;0;4;0;0;0;0
109;20;0;0;10;0;20;20;0;0;0;0;0;0;8;0;0;0;0
110;30;0;0;10;100;50;40;0;0;0;0;0;0;17;0;0;0;0
111;20;0;0;0;30;70;0;0;0;0;0;0;0;4;0;0;0;0
112;50;0;0;10;0;30;20;0;0;0;0;0;0;3;0;0;0;0
113;60;0;0;0;0;20;50;0;0;0;0;0;0;12;0;0;0;0
114;10;0;0;0;0;40;0;0;0;0;0;0;0;3;0;0;0;0
115;20;0;0;0;0;100;40;0;0;0;0;0;0;14;0;0;0;0
116;0;0;0;20;10;260;10;0;0;0;0;0;0;0;0;0;0;0
117;0;0;0;0;0;10;20;0;0;0;0;0;0;11;0;0;0;0
118;10;0;0;0;0;20;0;0;0;0;0;0;0;11;0;0;0;0
119;10;0;0;20;0;0;0;0;0;0;0;0;0;1;0;0;0;0
120;20;0;0;10;40;20;60;0;0;0;0;0;0;10;0;0;0;0
121;20;0;0;0;100;100;0;0;0;0;0;0;0;2;0;0;0;0
122;20;0;0;0;110;90;60;0;0;0;0;0;0;7;0;0;0;0
123;20;0;0;10;0;0;20;0;0;0;0;0;0;6;0;0;0;0
124;10;0;0;10;0;10;0;0;0;0;0;0;0;1;0;0;0;0
125;40;0;0;0;0;20;0;0;0;0;0;0;0;3;0;0;0;0
126;10;0;0;0;0;70;0;0;0;0;0;0;0;7;0;0;0;0
127;10;0;0;0;0;0;20;0;0;0;0;0;0;5;0;0;0;0
128;10;0;0;10;0;0;0;0;0;0;0;0;0;3;0;0;0;0
129;20;0;0;0;50;30;60;0;0;0;0;0;0;1;0;0;0;0
130;0;0;0;0;20;0;0;0;0;0;0;0;0;1;0;0;0;0
131;10;0;0;10;0;0;0;0;0;0;0;0;0;0;0;0;0;0
132;10;0;0;10;0;0;0;0;0;0;0;0;0;2;0;0;0;0
133;30;0;0;0;20;10;10;0;0;0;0;0;0;0;0;0;0;0
134;10;0;0;20;20;30;10;0;0;0;0;0;0;9;0;0;0;0
135;30;0;0;10;100;180;230;0;0;0;0;0;0;14;0;0;0;0
136;50;0;0;10;40;40;50;0;0;0;0;0;0;1;0;0;0;0
137;0;0;0;0;0;0;10;0;0;0;0;0;0;3;0;0;0;0
138;20;0;0;0;10;80;0;0;0;0;0;0;0;0;0;0;0;0
139;0;0;0;0;10;30;0;0;0;0;0;0;0;0;0;0;0;0
140;10;0;0;0;0;130;0;0;0;0;0;0;0;0;0;0;0;0
141;30;0;0;0;0;20;0;0;0;0;0;0;0;3;0;0;0;0
142;0;0;0;0;0;0;0;0;0;0;0;0;0;0;0;0;0;0
143;10;0;0;0;10;60;0;0;0;0;0;0;0;0;0;0;0;0
144;0;0;0;0;10;20;0;0;0;0;0;0;0;0;0;0;0;0
145;10;0;0;0;20;30;30;0;0;0;0;0;0;0;0;0;0;0
146;10;0;0;10;0;0;0;0;0;0;0;0;0;3;0;0;0;0
147;10;0;0;0;70;140;80;0;0;0;0;0;0;0;0;0;0;0
148;10;0;0;0;60;140;100;0;0;0;0;0;0;0;0;0;0;0
149;30;0;0;20;50;20;40;0;0;0;0;0;0;8;0;0;0;0
150;0;0;0;0;0;0;0;0;0;0;0;0;0;1;0;0;0;0
151;10;0;0;10;0;30;0;0;0;0;0;0;0;1;0;0;0;0
152;20;0;0;0;0;0;20;0;0;0;0;0;0;18;0;0;0;0
153;30;0;0;0;20;0;40;0;0;0;0;0;0;2;0;0;0;0
154;30;0;0;0;0;20;0;0;0;0;0;0;0;0;0;0;0;0
155;0;0;0;10;0;0;50;0;0;0;0;0;0;4;0;0;0;0
156;80;0;0;10;50;120;60;0;0;0;0;0;0;4;0;0;0;0
157;20;0;0;0;0;40;10;0;0;0;0;0;0;4;0;0;0;0
158;20;0;0;0;0;20;0;0;0;0;0;0;0;2;0;0;0;0
159;10;0;0;0;0;0;30;0;0;0;0;0;0;2;0;0;0;0
160;40;0;0;0;60;90;20;0;0;0;0;0;0;2;0;0;0;0
161;10;0;0;0;10;60;0;0;0;0;0;0;0;1;0;0;0;0
162;0;0;0;0;0;0;0;0;0;0;0;0;0;1;0;0;0;0
163;20;0;0;0;0;0;30;0;0;0;0;0;0;1;0;0;0;0
164;10;0;0;10;0;0;0;0;0;0;0;0;0;0;0;0;0;0
165;10;0;0;0;10;0;0;0;0;0;0;0;0;3;0;0;0;0
166;10;0;0;0;20;80;70;0;0;0;0;0;0;12;0;0;0;0
167;20;0;0;0;40;80;40;0;0;0;0;0;0;7;0;0;0;0
168;10;0;0;0;20;30;120;0;0;0;0;0;0;3;0;0;0;0
169;20;0;0;10;0;0;0;0;0;0;0;0;0;9;0;0;0;0
170;20;0;0;0;20;70;20;0;0;0;0;0;0;0;0;0;0;0
171;40;0;0;0;90;140;100;0;0;0;0;0;0;0;0;0;0;0
172;20;0;0;10;70;0;40;0;0;0;0;0;0;9;0;0;0;0
173;10;0;0;10;120;280;120;0;0;0;0;0;0;8;0;0;0;0
174;20;0;0;0;190;240;110;0;0;0;0;0;0;1;0;0;0;0
175;10;0;0;0;0;130;60;0;0;0;0;0;0;1073;0;0;0;0
176;20;0;0;10;30;40;0;0;0;0;0;0;0;5;0;0;0;0
177;10;0;0;0;0;40;0;0;0;0;0;0;0;7;0;0;0;0
178;10;0;0;0;10;0;0;0;0;0;0;0;0;5;0;0;0;0
179;20;0;0;10;0;0;30;0;0;0;0;0;0;0;0;0;0;0
180;10;0;0;0;0;0;20;0;0;0;0;0;0;4;0;0;0;0
181;0;0;0;10;0;0;0;0;0;0;0;0;0;0;0;0;0;0
182;30;0;0;0;20;0;10;0;0;0;0;0;0;4;0;0;0;0
183;20;0;0;0;10;20;20;0;0;0;0;0;0;0;0;0;0;0
184;20;0;0;0;0;0;20;0;0;0;0;0;0;0;0;0;0;0
185;20;0;0;0;0;0;10;0;0;0;0;0;0;0;0;0;0;0
186;0;0;0;0;0;0;10;0;0;0;0;0;0;0;0;0;0;0
187;60;0;0;0;60;60;30;0;0;0;0;0;0;0;0;0;0;0
188;30;0;0;0;40;40;130;0;0;0;0;0;0;0;0;0;0;0
189;30;0;0;0;0;0;20;0;0;0;0;0;0;2;0;0;0;0
190;0;0;0;0;10;0;0;0;0;0;0;0;0;0;0;0;0;0
191;10;0;0;0;0;10;10;0;0;0;0;0;0;7;0;0;0;0
192;10;0;0;0;0;0;0;0;0;0;0;0;0;0;0;0;0;0
193;10;0;0;0;20;20;10;0;0;0;0;0;0;5;0;0;0;0
194;10;0;0;0;20;0;0;0;0;0;0;0;0;0;0;0;0;0
195;10;0;0;10;0;0;20;0;0;0;0;0;0;9;0;0;0;0
196;60;0;0;0;220;140;110;0;0;0;0;0;0;0;0;0;0;0
197;10;0;0;10;0;0;0;0;0;0;0;0;0;0;0;0;0;0
198;10;0;0;0;0;20;10;0;0;0;0;0;0;7;0;0;0;0
199;0;0;0;0;0;0;0;0;0;0;0;0;0;3;0;0;0;0
200;70;0;0;0;20;20;40;0;0;0;0;0;0;0;0;0;0;0
201;20;0;0;0;70;40;100;0;0;0;0;0;0;0;0;0;0;0
202;20;0;0;10;110;410;150;0;0;0;0;0;0;0;0;0;0;0
203;0;0;0;10;0;20;10;0;0;0;0;0;0;8;0;0;0;0
204;0;0;0;10;0;0;10;0;0;0;0;0;0;2;0;0;0;0
205;0;0;0;0;0;10;0;0;0;0;0;0;0;0;0;0;0;0
206;10;0;0;0;0;0;0;0;0;0;0;0;0;1;0;0;0;0
207;0;0;0;0;0;0;0;0;0;0;0;0;0;0;0;0;0;0
208;20;0;0;0;0;0;0;0;0;0;0;0;0;0;0;0;0;0
209;30;0;0;10;0;0;0;0;0;0;0;0;0;0;0;0;0;0
210;20;0;0;0;0;20;20;0;0;0;0;0;0;0;0;0;0;0
211;20;0;0;0;0;0;30;0;0;0;0;0;0;8;0;0;0;0
212;10;0;0;10;80;190;60;0;0;0;0;0;0;0;0;0;0;0
213;10;0;0;0;0;0;0;0;0;0;0;0;0;0;0;0;0;0
214;30;0;0;0;20;60;0;0;0;0;0;0;0;7;0;0;0;0
215;20;0;0;0;20;0;20;0;0;0;0;0;0;4;0;0;0;0
216;20;0;0;10;0;20;0;0;0;0;0;0;0;0;0;0;0;0
217;20;0;0;0;110;190;50;0;0;0;0;0;0;0;0;0;0;0
218;0;0;0;0;120;140;60;0;0;0;0;0;0;0;0;0;0;0
219;20;0;0;10;10;0;0;0;0;0;0;0;0;0;0;0;0;0
220;30;0;0;0;10;0;20;0;0;0;0;0;0;1;0;0;0;0
221;10;0;0;0;0;0;10;0;0;0;0;0;0;0;0;0;0;0
222;0;0;0;0;0;0;10;0;0;0;0;0;0;3;0;0;0;0
223;10;0;0;0;20;0;40;0;0;0;0;0;0;0;0;0;0;0
224;30;0;0;0;60;80;20;0;0;0;0;0;0;2;0;0;0;0
225;0;0;0;10;0;20;20;0;0;0;0;0;0;3;0;0;0;0
226;20;0;0;0;80;30;60;0;0;0;0;0;0;3;0;0;0;0
227;30;0;0;0;20;110;30;0;0;0;0;0;0;0;0;0;0;0
228;20;0;0;0;0;20;30;0;0;0;0;0;0;0;0;0;0;0
229;20;0;0;0;20;20;50;0;0;0;0;0;0;8;0;0;0;0
230;40;0;0;0;30;60;40;0;0;0;0;0;0;4;0;0;0;0
231;30;0;0;10;70;80;80;0;0;0;0;0;0;7;0;0;0;0
232;10;0;0;0;40;100;40;0;0;0;0;0;0;0;0;0;0;0
233;10;0;0;0;10;0;0;0;0;0;0;0;0;0;0;0;0;0
234;10;0;0;0;20;50;10;0;0;0;0;0;0;4;0;0;0;0
235;10;0;0;10;140;70;60;0;0;0;0;0;0;4;0;0;0;0
236;0;0;0;0;40;120;20;0;0;0;0;0;0;0;0;0;0;0
237;10;0;0;0;20;30;20;0;0;0;0;0;0;2;0;0;0;0
238;20;0;0;10;10;10;10;0;0;0;0;0;0;0;0;0;0;0
239;40;0;0;10;30;100;20;0;0;0;0;0;0;3;0;0;0;0
240;30;0;0;0;10;20;0;0;0;0;0;0;0;14;0;0;0;0
241;20;0;0;10;120;100;120;0;0;0;0;0;0;16;0;0;0;0
242;0;0;0;0;0;30;50;0;0;0;0;0;0;9;0;0;0;0
243;10;0;0;0;0;40;0;0;0;0;0;0;0;0;0;0;0;0
244;0;0;0;0;0;0;0;0;0;0;0;0;0;1;0;0;0;0
245;10;0;0;0;0;50;20;0;0;0;0;0;0;0;0;0;0;0
246;0;0;0;0;0;70;20;0;0;0;0;0;0;0;0;0;0;0
247;0;0;0;0;40;20;40;0;0;0;0;0;0;5;0;0;0;0
248;10;0;0;0;0;80;0;0;0;0;0;0;0;0;0;0;0;0
249;40;0;0;0;80;150;60;0;0;0;0;0;0;9;0;0;0;0
250;30;0;0;0;0;0;0;0;0;0;0;0;0;0;0;0;0;0
251;50;0;0;0;20;20;10;0;0;0;0;0;0;3;0;0;0;0
252;10;0;0;0;0;20;0;0;0;0;0;0;0;1;0;0;0;0
253;30;0;0;0;130;200;40;0;0;0;0;0;0;1;0;0;0;0
254;30;0;0;0;80;240;20;0;0;0;0;0;0;0;0;0;0;0
255;10;0;0;0;30;20;40;0;0;0;0;0;0;0;0;0;0;0
256;20;0;0;0;260;390;180;0;0;0;0;0;0;2;0;0;0;0
257;10;0;0;10;0;0;40;0;0;0;0;0;0;3;0;0;0;0
258;10;0;0;0;10;20;20;0;0;0;0;0;0;0;0;0;0;0
259;30;0;0;0;50;20;40;0;0;0;0;0;0;1;0;0;0;0
260;20;0;0;10;20;10;10;0;0;0;0;0;0;6;0;0;0;0
261;10;0;0;10;10;20;20;0;0;0;0;0;0;1;0;0;0;0
262;20;0;0;0;20;20;20;0;0;0;0;0;0;1;0;0;0;0
263;20;0;0;0;0;0;0;0;0;0;0;0;0;7;0;0;0;0
264;10;0;0;10;20;0;30;0;0;0;0;0;0;12;0;0;0;0
265;10;0;0;0;0;0;0;0;0;0;0;0;0;0;0;0;0;0
266;10;0;0;0;0;0;0;0;0;0;0;0;0;4;0;0;0;0
267;0;0;0;0;20;0;20;0;0;0;0;0;0;6;0;0;0;0
268;0;0;0;10;0;0;20;0;0;0;0;0;0;7;0;0;0;0
269;10;0;0;20;80;100;10;0;0;0;0;0;0;6;0;0;0;0
270;20;0;0;0;10;140;20;0;0;0;0;0;0;0;0;0;0;0
271;20;0;0;0;60;80;60;0;0;0;0;0;0;3;0;0;0;0
272;10;0;0;0;60;40;40;0;0;0;0;0;0;0;0;0;0;0
273;20;0;0;0;60;180;40;0;0;0;0;0;0;1;0;0;0;0
274;10;0;0;0;320;340;240;0;0;0;0;0;0;0;0;0;0;0
275;0;0;0;10;0;0;10;0;0;0;0;0;0;0;0;0;0;0
276;20;0;0;0;0;0;20;0;0;0;0;0;0;4;0;0;0;0
277;20;0;0;10;0;0;40;0;0;0;0;0;0;0;0;0;0;0
278;40;0;0;0;110;90;20;0;0;0;0;0;0;1;0;0;0;0
279;10;0;0;0;50;0;0;0;0;0;0;0;0;1;0;0;0;0
280;0;0;0;0;0;0;0;0;0;0;0;0;0;10;0;0;0;0
281;10;0;0;10;0;20;0;0;0;0;0;0;0;3;0;0;0;0
282;30;0;0;10;20;0;0;0;0;0;0;0;0;2;0;0;0;0
283;20;0;0;0;20;10;30;0;0;0;0;0;0;7;0;0;0;0
284;10;0;0;10;0;10;0;0;0;0;0;0;0;9;0;0;0;0
285;30;0;0;20;0;0;20;0;0;0;0;0;0;0;0;0;0;0
286;0;0;0;0;20;50;0;0;0;0;0;0;0;0;0;0;0;0
287;0;0;0;0;10;10;0;0;0;0;0;0;0;0;0;0;0;0
288;20;0;0;0;40;30;0;0;0;0;0;0;0;0;0;0;0;0
289;0;0;0;0;10;30;0;0;0;0;0;0;0;0;0;0;0;0
290;30;0;0;0;60;60;70;0;0;0;0;0;0;5;0;0;0;0
291;30;0;0;0;0;20;0;0;0;0;0;0;0;19;0;0;0;0
292;0;0;0;0;0;0;0;0;0;0;0;0;0;0;0;0;0;0
293;30;0;0;0;0;20;0;0;0;0;0;0;0;1;0;0;0;0
294;10;0;0;0;110;100;10;0;0;0;0;0;0;0;0;0;0;0
295;10;0;0;0;40;100;60;0;0;0;0;0;0;0;0;0;0;0
296;20;0;0;0;0;0;10;0;0;0;0;0;0;3;0;0;0;0
297;60;0;0;20;180;40;20;0;0;0;0;0;0;11;0;0;0;0
298;60;0;0;0;260;490;210;0;0;0;0;0;0;1;0;0;0;0
299;30;0;0;10;20;10;30;0;0;0;0;0;0;7;0;0;0;0
300;30;0;0;0;50;60;10;0;0;0;0;0;0;20;0;0;0;0
301;20;0;0;0;0;70;0;0;0;0;0;0;0;1;0;0;0;0
302;10;0;0;10;0;60;20;0;0;0;0;0;0;1;0;0;0;0
303;20;0;0;0;50;20;0;0;0;0;0;0;0;9;0;0;0;0
304;30;0;0;0;40;80;60;0;0;0;0;0;0;1;0;0;0;0
305;20;0;0;0;10;40;0;0;0;0;0;0;0;4;0;0;0;0
306;20;0;0;0;0;70;60;0;0;0;0;0;0;0;0;0;0;0
307;10;0;0;0;10;0;0;0;0;0;0;0;0;3;0;0;0;0
308;10;0;0;0;10;20;90;0;0;0;0;0;0;2;0;0;0;0
309;20;0;0;0;0;20;30;0;0;0;0;0;0;8;0;0;0;0
310;20;0;0;10;0;0;20;0;0;0;0;0;0;12;0;0;0;0
311;30;0;0;0;100;70;20;0;0;0;0;0;0;0;0;0;0;0
312;30;0;0;0;0;40;20;0;0;0;0;0;0;0;0;0;0;0
313;30;0;0;0;0;20;20;0;0;0;0;0;0;0;0;0;0;0
314;80;0;0;20;60;110;150;0;0;0;0;0;0;6;0;0;0;0
315;40;0;0;0;30;40;10;0;0;0;0;0;0;5;0;0;0;0
316;40;0;0;0;40;170;20;0;0;0;0;0;0;0;0;0;0;0
317;10;0;0;0;0;0;0;0;0;0;0;0;0;4;0;0;0;0
318;40;0;0;0;20;10;50;0;0;0;0;0;0;4;0;0;0;0
319;20;0;0;10;10;100;20;0;0;0;0;0;0;1;0;0;0;0
320;20;0;0;0;60;80;0;0;0;0;0;0;0;7;0;0;0;0
321;20;0;0;0;0;0;0;0;0;0;0;0;0;0;0;0;0;0
322;10;0;0;0;0;0;0;0;0;0;0;0;0;2;0;0;0;0
323;40;0;0;10;40;0;30;0;0;0;0;0;0;17;0;0;0;0
324;20;0;0;0;20;40;10;0;0;0;0;0;0;1;0;0;0;0
325;50;0;0;10;0;0;10;0;0;0;0;0;0;8;0;0;0;0
326;10;0;0;0;170;210;60;0;0;0;0;0;0;0;0;0;0;0
327;0;0;0;0;0;20;20;0;0;0;0;0;0;1;0;0;0;0
328;10;0;0;0;20;20;0;0;0;0;0;0;0;0;0;0;0;0
329;10;0;0;10;0;0;0;0;0;0;0;0;0;4;0;0;0;0
330;60;0;0;0;50;120;40;0;0;0;0;0;0;6;0;0;0;0
331;20;0;0;10;0;0;0;0;0;0;0;0;0;2;0;0;0;0
332;30;0;0;10;60;130;100;0;0;0;0;0;0;22;0;0;0;0
333;40;0;0;10;100;20;40;0;0;0;0;0;0;9;0;0;0;0
334;20;0;0;0;0;50;0;0;0;0;0;0;0;2;0;0;0;0
335;10;0;0;0;0;20;0;0;0;0;0;0;0;4;0;0;0;0
336;10;0;0;0;40;60;0;0;0;0;0;0;0;0;0;0;0;0
337;20;0;0;0;0;40;30;0;0;0;0;0;0;3;0;0;0;0
338;10;0;0;0;0;0;20;0;0;0;0;0;0;0;0;0;0;0
339;30;0;0;0;0;0;20;0;0;0;0;0;0;3;0;0;0;0
340;30;0;0;0;0;0;0;0;0;0;0;0;0;6;0;0;0;0
341;30;0;0;10;300;150;260;0;0;0;0;0;0;9;0;0;0;0
342;0;0;0;0;0;0;20;0;0;0;0;0;0;6;0;0;0;0
343;20;0;0;0;60;100;20;0;0;0;0;0;0;6;0;0;0;0
344;0;0;0;10;0;0;20;0;0;0;0;0;0;11;0;0;0;0
345;20;0;0;0;0;0;0;0;0;0;0;0;0;3;0;0;0;0
346;10;0;0;0;0;20;0;0;0;0;0;0;0;8;0;0;0;0
347;10;0;0;10;40;40;50;0;0;0;0;0;0;27;0;0;0;0
348;30;0;0;10;0;90;0;0;0;0;0;0;0;30;0;0;0;0
349;10;0;0;0;0;0;20;0;0;0;0;0;0;7;0;0;0;0
350;10;0;0;20;20;0;60;0;0;0;0;0;0;28;0;0;0;0
351;10;0;0;0;0;0;20;0;0;0;0;0;0;3;0;0;0;0
352;40;0;0;0;160;100;110;0;0;0;0;0;0;3;0;0;0;0
353;20;0;0;0;70;20;30;0;0;0;0;0;0;11;0;0;0;0
354;30;0;0;10;90;160;50;0;0;0;0;0;0;22;0;0;0;0
355;0;0;0;0;0;0;60;0;0;0;0;0;0;14;0;0;0;0
356;20;0;0;0;0;40;20;0;0;0;0;0;0;5;0;0;0;0
357;10;0;0;0;20;0;20;0;0;0;0;0;0;0;0;0;0;0
358;30;0;0;10;0;110;40;0;0;0;0;0;0;5;0;0;0;0
359;30;0;0;0;280;600;360;0;0;0;0;0;0;0;0;0;0;0
360;20;0;0;0;170;160;120;0;0;0;0;0;0;1;0;0;0;0
361;20;0;0;0;0;30;50;0;0;0;0;0;0;4;0;0;0;0
362;10;0;0;10;0;0;0;0;0;0;0;0;0;5;0;0;0;0
363;10;0;0;0;0;0;0;0;0;0;0;0;0;1;0;0;0;0
364;20;0;0;0;0;0;10;0;0;0;0;0;0;3;0;0;0;0
365;20;0;0;0;0;10;40;0;0;0;0;0;0;0;0;0;0;0
366;20;0;0;0;0;0;0;0;0;0;0;0;0;0;0;0;0;0
367;30;0;0;0;0;0;10;0;0;0;0;0;0;0;0;0;0;0
368;0;0;0;0;0;0;0;0;0;0;0;0;0;9;0;0;0;0
369;0;0;0;0;0;0;20;0;0;0;0;0;0;2;0;0;0;0
370;40;0;0;10;20;100;80;0;0;0;0;0;0;15;0;0;0;0
371;0;0;0;0;0;0;0;0;0;0;0;0;0;7;0;0;0;0
372;10;0;0;0;0;0;40;0;0;0;0;0;0;1;0;0;0;0
373;10;0;0;0;80;100;100;0;0;0;0;0;0;0;0;0;0;0
374;0;0;0;0;10;60;30;0;0;0;0;0;0;5;0;0;0;0
375;10;0;0;0;10;60;20;0;0;0;0;0;0;3;0;0;0;0
376;20;0;0;0;0;20;20;0;0;0;0;0;0;1;0;0;0;0
377;10;0;0;10;0;0;10;0;0;0;0;0;0;6;0;0;0;0
378;10;0;0;0;20;20;30;0;0;0;0;0;0;0;0;0;0;0
379;30;0;0;0;0;40;0;0;0;0;0;0;0;0;0;0;0;0
380;20;0;0;0;0;10;0;0;0;0;0;0;0;1;0;0;0;0
381;30;0;0;0;0;0;0;0;0;0;0;0;0;2;0;0;0;0
382;40;0;0;10;0;40;10;0;0;0;0;0;0;5;0;0;0;0
383;20;0;0;0;20;0;10;0;0;0;0;0;0;13;0;0;0;0
384;0;0;0;10;0;0;10;0;0;0;0;0;0;8;0;0;0;0
385;20;0;0;0;60;80;20;0;0;0;0;0;0;10;0;0;0;0
386;70;0;0;10;0;40;0;0;0;0;0;0;0;7;0;0;0;0
387;10;0;0;0;0;0;30;0;0;0;0;0;0;3;0;0;0;0
388;20;0;0;0;30;0;20;0;0;0;0;0;0;0;0;0;0;0
389;20;0;0;0;20;10;20;0;0;0;0;0;0;7;0;0;0;0
390;0;0;0;0;0;10;0;0;0;0;0;0;0;4;0;0;0;0
391;50;0;0;0;30;90;30;0;0;0;0;0;0;0;0;0;0;0
392;20;0;0;0;30;20;20;0;0;0;0;0;0;5;0;0;0;0
393;10;0;0;0;0;0;0;0;0;0;0;0;0;5;0;0;0;0
394;20;0;0;0;0;0;20;0;0;0;0;0;0;4;0;0;0;0
395;20;0;0;20;0;0;20;0;0;0;0;0;0;15;0;0;0;0
396;10;0;0;0;0;10;0;0;0;0;0;0;0;14;0;0;0;0
397;10;0;0;0;0;0;0;0;0;0;0;0;0;5;0;0;0;0
398;0;0;0;10;20;10;10;0;0;0;0;0;0;6;0;0;0;0
399;20;0;0;20;100;70;120;0;0;0;0;0;0;14;0;0;0;0
400;20;0;0;0;0;0;20;0;0;0;0;0;0;12;0;0;0;0
401;10;0;0;0;0;0;30;0;0;0;0;0;0;32;0;0;0;0
402;30;0;0;0;0;70;10;0;0;0;0;0;0;7;0;0;0;0
403;10;0;0;0;0;0;40;0;0;0;0;0;0;0;0;0;0;0
404;10;0;0;0;20;30;10;0;0;0;0;0;0;0;0;0;0;0
405;40;0;0;0;90;20;20;0;0;0;0;0;0;18;0;0;0;0
406;20;0;0;0;80;70;40;0;0;0;0;0;0;5;0;0;0;0
407;0;0;0;0;0;0;0;0;0;0;0;0;0;1;0;0;0;0
408;20;0;0;0;0;40;0;0;0;0;0;0;0;4;0;0;0;0
409;0;0;0;0;0;10;0;0;0;0;0;0;0;8;0;0;0;0
410;30;0;0;20;60;70;70;0;0;0;0;0;0;12;0;0;0;0
411;30;0;0;0;30;140;10;0;0;0;0;0;0;4;0;0;0;0
412;20;0;0;0;0;20;40;0;0;0;0;0;0;4;0;0;0;0
413;20;0;0;10;0;0;0;0;0;0;0;0;0;9;0;0;0;0
414;30;0;0;0;20;110;110;0;0;0;0;0;0;5;0;0;0;0
415;10;0;0;0;0;40;0;0;0;0;0;0;0;1;0;0;0;0
416;10;0;0;0;0;20;0;0;0;0;0;0;0;0;0;0;0;0
417;20;0;0;10;10;80;50;0;0;0;0;0;0;6;0;0;0;0
418;20;0;0;0;0;20;0;0;0;0;0;0;0;2;0;0;0;0
419;0;0;0;0;0;10;0;0;0;0;0;0;0;4;0;0;0;0
420;30;0;0;20;40;20;80;0;0;0;0;0;0;0;0;0;0;0
421;0;0;0;0;0;0;0;0;0;0;0;0;0;1;0;0;0;0
422;10;0;0;10;0;50;0;0;0;0;0;0;0;2;0;0;0;0
423;30;0;0;10;80;0;120;0;0;0;0;0;0;6;0;0;0;0
424;10;0;0;0;0;0;0;0;0;0;0;0;0;2;0;0;0;0
425;0;0;0;10;0;0;10;0;0;0;0;0;0;3;0;0;0;0
426;0;0;0;0;0;40;70;0;0;0;0;0;0;1;0;0;0;0
427;0;0;0;0;0;0;0;0;0;0;0;0;0;6;0;0;0;0
428;20;0;0;0;10;30;0;0;0;0;0;0;0;13;0;0;0;0
429;10;0;0;10;50;40;60;0;0;0;0;0;0;13;0;0;0;0
430;30;0;0;10;170;100;150;0;0;0;0;0;0;13;0;0;0;0
431;20;0;0;10;0;20;10;0;0;0;0;0;0;2;0;0;0;0
432;10;0;0;10;40;40;20;0;0;0;0;0;0;7;0;0;0;0
433;10;0;0;10;10;40;70;0;0;0;0;0;0;3;0;0;0;0
434;10;0;0;0;0;0;0;0;0;0;0;0;0;0;0;0;0;0
435;10;0;0;10;0;0;60;0;0;0;0;0;0;0;0;0;0;0
436;30;0;0;0;400;350;250;0;0;0;0;0;0;5;0;0;0;0
437;20;0;0;0;1360;780;270;0;0;0;0;0;0;0;0;0;0;0
438;20;0;0;0;30;20;10;0;0;0;0;0;0;0;0;0;0;0
439;40;0;0;0;80;20;20;0;0;0;0;0;0;5;0;0;0;0
440;20;0;0;0;0;0;0;0;0;0;0;0;0;1;0;0;0;0
441;30;0;0;0;80;70;30;0;0;0;0;0;0;0;0;0;0;0
442;30;0;0;10;160;40;80;0;0;0;0;0;0;0;0;0;0;0
443;20;0;0;10;0;20;40;0;0;0;0;0;0;0;0;0;0;0
444;40;0;0;10;170;180;90;0;0;0;0;0;0;10;0;0;0;0
445;30;0;0;0;40;180;0;0;0;0;0;0;0;2;0;0;0;0
446;10;0;0;10;100;70;20;0;0;0;0;0;0;0;0;0;0;0
447;10;0;0;0;50;10;0;0;0;0;0;0;0;1;0;0;0;0
448;0;0;0;0;0;70;50;0;0;0;0;0;0;0;0;0;0;0
449;0;0;0;10;0;20;0;0;0;0;0;0;0;0;0;0;0;0
450;10;0;0;10;100;140;80;0;0;0;0;0;0;3;0;0;0;0
451;0;0;0;0;10;40;50;0;0;0;0;0;0;4;0;0;0;0
452;10;0;0;0;270;130;60;0;0;0;0;0;0;8;0;0;0;0
453;20;0;0;20;30;20;60;0;0;0;0;0;0;4;0;0;0;0
454;10;0;0;0;0;10;0;0;0;0;0;0;0;2;0;0;0;0
455;10;0;0;0;0;0;20;0;0;0;0;0;0;0;0;0;0;0
456;20;0;0;0;130;230;40;0;0;0;0;0;0;4;0;0;0;0
457;20;0;0;0;0;30;20;0;0;0;0;0;0;4;0;0;0;0
458;20;0;0;0;20;0;0;0;0;0;0;0;0;5;0;0;0;0
459;20;0;0;0;20;10;0;0;0;0;0;0;0;8;0;0;0;0
460;30;0;0;10;0;20;0;0;0;0;0;0;0;1;0;0;0;0
461;20;0;0;0;60;60;70;0;0;0;0;0;0;0;0;0;0;0
462;40;0;0;10;0;0;20;0;0;0;0;0;0;5;0;0;0;0
463;0;0;0;10;0;0;80;0;0;0;0;0;0;1;0;0;0;0
464;10;0;0;0;0;30;60;0;0;0;0;0;0;2;0;0;0;0
465;0;0;0;0;20;0;0;0;0;0;0;0;0;3;0;0;0;0
466;0;0;0;0;0;0;20;0;0;0;0;0;0;3;0;0;0;0
467;20;0;0;0;30;20;150;0;0;0;0;0;0;3;0;0;0;0
468;20;0;0;0;40;0;0;0;0;0;0;0;0;5;0;0;0;0
469;30;0;0;10;80;80;270;0;0;0;0;0;0;4;0;0;0;0
470;0;0;0;10;0;20;0;0;0;0;0;0;0;5;0;0;0;0
471;0;0;0;0;0;0;50;0;0;0;0;0;0;13;0;0;0;0
472;0;0;0;10;0;0;0;0;0;0;0;0;0;19;0;0;0;0
473;10;0;0;10;40;0;40;0;0;0;0;0;0;6;0;0;0;0
474;70;0;0;0;30;40;30;0;0;0;0;0;0;1;0;0;0;0
475;0;0;0;0;30;0;10;0;0;0;0;0;0;6;0;0;0;0
476;20;0;0;10;70;290;180;0;0;0;0;0;0;0;0;0;0;0
477;20;0;0;0;20;20;40;0;0;0;0;0;0;0;0;0;0;0
478;0;0;0;0;120;20;140;0;0;0;0;0;0;0;0;0;0;0
479;20;0;0;0;10;0;60;0;0;0;0;0;0;2;0;0;0;0
480;30;0;0;0;40;50;80;0;0;0;0;0;0;6;0;0;0;0
481;10;0;0;10;0;0;0;0;0;0;0;0;0;8;0;0;0;0
482;10;0;0;10;50;60;0;0;0;0;0;0;0;6;0;0;0;0
483;30;0;0;0;90;200;80;0;0;0;0;0;0;0;0;0;0;0
484;0;0;0;0;190;710;60;0;0;0;0;0;0;0;0;0;0;0
485;30;0;0;10;30;60;20;0;0;0;0;0;0;0;0;0;0;0
486;20;0;0;0;0;0;0;0;0;0;0;0;0;8;0;0;0;0
487;60;0;0;10;40;30;0;0;0;0;0;0;0;10;0;0;0;0
488;20;0;0;0;0;10;20;0;0;0;0;0;0;9;0;0;0;0
489;10;0;0;10;0;10;0;0;0;0;0;0;0;10;0;0;0;0
490;30;0;0;10;0;0;50;0;0;0;0;0;0;4;0;0;0;0
491;50;0;0;0;0;30;10;0;0;0;0;0;0;7;0;0;0;0
492;60;0;0;10;0;10;0;0;0;0;0;0;0;8;0;0;0;0
493;20;0;0;0;20;10;20;0;0;0;0;0;0;5;0;0;0;0
494;50;0;0;0;20;50;0;0;0;0;0;0;0;2;0;0;0;0
495;10;0;0;10;0;0;0;0;0;0;0;0;0;4;0;0;0;0
496;10;0;0;0;0;10;20;0;0;0;0;0;0;16;0;0;0;0
497;110;0;0;10;290;160;200;0;0;0;0;0;0;8;0;0;0;0
498;20;0;0;0;30;20;0;0;0;0;0;0;0;0;0;0;0;0
499;20;0;0;10;180;430;170;0;0;0;0;0;0;6;0;0;0;0
500;10;0;0;0;0;20;0;0;0;0;0;0;0;0;0;0;0;0
501;20;0;0;0;0;0;50;0;0;0;0;0;0;13;0;0;0;0
502;20;0;0;10;0;40;40;0;0;0;0;0;0;2;0;0;0;0
503;40;0;0;0;10;50;50;0;0;0;0;0;0;8;0;0;0;0
504;50;0;0;0;60;80;40;0;0;0;0;0;0;4;0;0;0;0
505;20;0;0;0;0;20;50;0;0;0;0;0;0;7;0;0;0;0
506;20;0;0;20;120;50;40;0;0;0;0;0;0;10;0;0;0;0
507;20;0;0;0;80;30;50;0;0;0;0;0;0;8;0;0;0;0
508;20;0;0;0;0;0;0;0;0;0;0;0;0;0;0;0;0;0
509;10;0;0;10;0;10;0;0;0;0;0;0;0;8;0;0;0;0
510;0;0;0;0;0;20;40;0;0;0;0;0;0;9;0;0;0;0
511;40;0;0;0;30;30;40;0;0;0;0;0;0;0;0;0;0;0
512;20;0;0;0;30;30;0;0;0;0;0;0;0;0;0;0;0;0
513;10;0;0;0;30;90;20;0;0;0;0;0;0;0;0;0;0;0
514;10;0;0;0;0;0;60;0;0;0;0;0;0;1;0;0;0;0
515;30;0;0;0;40;130;20;0;0;0;0;0;0;1;0;0;0;0
516;0;0;0;0;0;0;0;0;0;0;0;0;0;0;0;0;0;0
517;0;0;0;20;0;0;0;0;0;0;0;0;0;0;0;0;0;0
518;30;0;0;20;40;20;70;0;0;0;0;0;0;3;0;0;0;0
519;20;0;0;0;0;20;10;0;0;0;0;0;0;5;0;0;0;0
520;10;0;0;0;20;0;0;0;0;0;0;0;0;0;0;0;0;0
521;50;0;0;10;70;20;40;0;0;0;0;0;0;3;0;0;0;0
522;10;0;0;0;20;0;60;0;0;0;0;0;0;3;0;0;0;0
523;40;0;0;0;10;0;50;0;0;0;0;0;0;0;0;0;0;0
524;40;0;0;10;100;160;40;0;0;0;0;0;0;3;0;0;0;0
525;10;0;0;0;410;410;280;0;0;0;0;0;0;0;0;0;0;0
526;30;0;0;0;20;60;60;0;0;0;0;0;0;9;0;0;0;0
527;40;0;0;0;90;60;40;0;0;0;0;0;0;2;0;0;0;0
528;10;0;0;0;0;20;20;0;0;0;0;0;0;0;0;0;0;0
529;20;0;0;10;40;70;40;0;0;0;0;0;0;8;0;0;0;0
530;20;0;0;10;140;50;210;0;0;0;0;0;0;0;0;0;0;0
531;0;0;0;10;0;30;0;0;0;0;0;0;0;4;0;0;0;0
532;0;0;0;10;0;10;0;0;0;0;0;0;0;7;0;0;0;0
533;0;0;0;0;0;20;60;0;0;0;0;0;0;2;0;0;0;0
534;0;0;0;0;0;10;20;0;0;0;0;0;0;13;0;0;0;0
535;20;0;0;0;50;70;70;0;0;0;0;0;0;16;0;0;0;0
536;0;0;0;0;0;0;0;0;0;0;0;0;0;16;0;0;0;0
537;0;0;0;10;40;30;30;0;0;0;0;0;0;18;0;0;0;0
538;10;0;0;10;0;0;0;0;0;0;0;0;0;5;0;0;0;0
539;10;0;0;0;0;0;0;0;0;0;0;0;0;4;0;0;0;0
540;50;0;0;0;40;110;110;0;0;0;0;0;0;4;0;0;0;0
541;30;0;0;10;0;0;40;0;0;0;0;0;0;5;0;0;0;0
542;40;0;0;0;0;0;30;0;0;0;0;0;0;3;0;0;0;0
543;10;0;0;10;10;20;0;0;0;0;0;0;0;0;0;0;0;0
544;40;0;0;10;40;110;110;0;0;0;0;0;0;0;0;0;0;0
545;30;0;0;10;30;10;20;0;0;0;0;0;0;0;0;0;0;0
546;30;0;0;10;20;30;0;0;0;0;0;0;0;2;0;0;0;0
547;30;0;0;10;0;70;50;0;0;0;0;0;0;7;0;0;0;0
548;10;0;0;0;0;0;0;0;0;0;0;0;0;1;0;0;0;0
549;10;0;0;0;0;10;20;0;0;0;0;0;0;20;0;0;0;0
550;20;0;0;10;20;40;10;0;0;0;0;0;0;3;0;0;0;0
551;20;0;0;20;80;80;100;0;0;0;0;0;0;2;0;0;0;0
552;10;0;0;10;80;80;60;0;0;0;0;0;0;1;0;0;0;0
553;10;0;0;0;70;40;30;0;0;0;0;0;0;10;0;0;0;0
554;50;0;0;20;410;470;190;0;0;0;0;0;0;1;0;0;0;0
555;0;0;0;0;20;0;0;0;0;0;0;0;0;2;0;0;0;0
556;0;0;0;10;0;0;0;0;0;0;0;0;0;0;0;0;0;0
557;10;0;0;0;20;40;0;0;0;0;0;0;0;1;0;0;0;0
558;0;0;0;0;0;0;40;0;0;0;0;0;0;0;0;0;0;0
559;10;0;0;10;0;30;20;0;0;0;0;0;0;4;0;0;0;0
560;20;0;0;10;0;20;20;0;0;0;0;0;0;11;0;0;0;0
561;10;0;0;0;30;80;0;0;0;0;0;0;0;1;0;0;0;0
562;0;0;0;0;20;20;20;0;0;0;0;0;0;9;0;0;0;0
563;20;0;0;10;40;0;20;0;0;0;0;0;0;11;0;0;0;0
564;20;0;0;0;40;80;0;0;0;0;0;0;0;0;0;0;0;0
565;10;0;0;0;50;10;80;0;0;0;0;0;0;5;0;0;0;0
566;10;0;0;0;0;0;20;0;0;0;0;0;0;0;0;0;0;0
567;10;0;0;0;350;540;70;0;0;0;0;0;0;0;0;0;0;0
568;20;0;0;0;140;250;100;0;0;0;0;0;0;2;0;0;0;0
569;10;0;0;30;20;0;140;0;0;0;0;0;0;0;0;0;0;0
570;30;0;0;30;40;20;40;0;0;0;0;0;0;3;0;0;0;0
571;10;0;0;0;90;80;80;0;0;0;0;0;0;0;0;0;0;0
572;10;0;0;0;880;360;380;0;0;0;0;0;0;0;0;0;0;0
573;10;0;0;0;0;10;20;0;0;0;0;0;0;0;0;0;0;0
574;40;0;0;0;0;10;20;0;0;0;0;0;0;7;0;0;0;0
575;10;0;0;10;0;0;0;0;0;0;0;0;0;1;0;0;0;0
576;40;0;0;0;0;20;10;0;0;0;0;0;0;2;0;0;0;0
577;0;0;0;0;0;0;0;0;0;0;0;0;0;4;0;0;0;0
578;10;0;0;0;60;0;0;0;0;0;0;0;0;4;0;0;0;0
579;10;0;0;0;0;0;0;0;0;0;0;0;0;0;0;0;0;0
580;10;0;0;10;0;0;0;0;0;0;0;0;0;0;0;0;0;0
581;0;0;0;0;0;0;10;0;0;0;0;0;0;0;0;0;0;0
582;10;0;0;0;0;20;0;0;0;0;0;0;0;0;0;0;0;0
583;10;0;0;0;0;20;0;0;0;0;0;0;0;0;0;0;0;0
584;10;0;0;0;20;40;0;0;0;0;0;0;0;1;0;0;0;0
585;10;0;0;0;0;20;0;0;0;0;0;0;0;0;0;0;0;0
586;20;0;0;0;70;60;30;0;0;0;0;0;0;0;0;0;0;0
587;0;0;0;0;0;120;0;0;0;0;0;0;0;0;0;0;0;0
588;10;0;0;0;0;0;0;0;0;0;0;0;0;0;0;0;0;0
589;0;0;0;0;0;0;0;0;0;0;0;0;0;0;0;0;0;0
590;10;0;0;0;10;40;20;0;0;0;0;0;0;0;0;0;0;0
591;10;0;0;0;0;0;20;0;0;0;0;0;0;2;0;0;0;0
592;20;0;0;0;0;20;10;0;0;0;0;0;0;4;0;0;0;0
593;10;0;0;0;0;40;0;0;0;0;0;0;0;0;0;0;0;0
594;10;0;0;0;0;0;0;0;0;0;0;0;0;0;0;0;0;0
595;20;0;0;0;10;10;0;0;0;0;0;0;0;0;0;0;0;0
596;20;0;0;0;100;60;0;0;0;0;0;0;0;0;0;0;0;0
597;0;0;0;0;20;40;0;0;0;0;0;0;0;0;0;0;0;0
598;0;0;0;0;10;40;0;0;0;0;0;0;0;0;0;0;0;0
599;10;0;0;0;0;0;0;0;0;0;0;0;0;0;0;0;0;0
600;10;0;0;0;0;0;0;0;0;0;0;0;0;0;0;0;0;0
601;30;0;0;0;0;20;20;0;0;0;0;0;0;0;0;0;0;0
602;10;0;0;0;0;20;0;0;0;0;0;0;0;0;0;0;0;0
603;0;0;0;0;20;0;0;0;0;0;0;0;0;0;0;0;0;0
604;10;0;0;0;0;20;0;0;0;0;0;0;0;0;0;0;0;0
605;10;0;0;0;0;0;20;0;0;0;0;0;0;0;0;0;0;0
606;10;0;0;0;0;0;20;0;0;0;0;0;0;0;0;0;0;0
607;0;0;0;0;0;0;0;0;0;0;0;0;0;1;0;0;0;0
608;10;0;0;0;0;40;0;0;0;0;0;0;0;0;0;0;0;0
609;10;0;0;0;30;130;20;0;0;0;0;0;0;4;0;0;0;0
610;0;0;0;20;0;0;30;0;0;0;0;0;0;8;0;0;0;0
611;10;0;0;10;80;40;0;0;0;0;0;0;0;0;0;0;0;0
612;10;0;0;0;0;70;0;0;0;0;0;0;0;0;0;0;0;0
613;0;0;0;0;0;0;20;0;0;0;0;0;0;0;0;0;0;0
614;10;0;0;0;0;20;0;0;0;0;0;0;0;0;0;0;0;0
615;10;0;0;0;30;40;20;0;0;0;0;0;0;0;0;0;0;0
616;0;0;0;0;40;10;20;0;0;0;0;0;0;9;0;0;0;0
617;10;0;0;0;60;80;20;0;0;0;0;0;0;3;0;0;0;0
618;10;0;0;0;90;140;140;0;0;0;0;0;0;0;0;0;0;0
619;10;0;0;0;0;30;0;0;0;0;0;0;0;0;0;0;0;0
620;20;0;0;0;60;20;30;0;0;0;0;0;0;0;0;0;0;0
621;10;0;0;0;40;0;50;0;0;0;0;0;0;20;0;0;0;0
622;20;0;0;0;0;20;0;0;0;0;0;0;0;0;0;0;0;0
623;0;0;0;0;0;10;0;0;0;0;0;0;0;0;0;0;0;0
624;10;0;0;0;0;0;0;0;0;0;0;0;0;0;0;0;0;0
625;20;0;0;10;40;70;20;0;0;0;0;0;0;1;0;0;0;0
626;10;0;0;0;0;20;0;0;0;0;0;0;0;0;0;0;0;0
627;0;0;0;0;0;40;0;0;0;0;0;0;0;0;0;0;0;0
628;0;0;0;10;60;630;200;0;0;0;0;0;0;0;0;0;0;0
629;20;0;0;0;20;50;50;0;0;0;0;0;0;0;0;0;0;0
630;30;0;0;0;30;60;10;0;0;0;0;0;0;0;0;0;0;0
631;10;0;0;0;20;0;0;0;0;0;0;0;0;0;0;0;0;0
632;30;0;0;0;10;20;20;0;0;0;0;0;0;0;0;0;0;0
633;60;0;0;0;10;190;0;0;0;0;0;0;0;1;0;0;0;0
634;10;0;0;0;10;40;20;0;0;0;0;0;0;3;0;0;0;0
635;0;0;0;0;0;0;20;0;0;0;0;0;0;0;0;0;0;0
636;20;0;0;0;0;80;80;0;0;0;0;0;0;0;0;0;0;0
637;10;0;0;0;0;0;20;0;0;0;0;0;0;0;0;0;0;0
638;20;0;0;0;210;240;70;0;0;0;0;0;0;2;0;0;0;0
639;30;0;0;0;40;110;100;0;0;0;0;0;0;0;0;0;0;0
640;10;0;0;0;50;30;20;0;0;0;0;0;0;0;0;0;0;0
641;20;0;0;0;20;0;0;0;0;0;0;0;0;2;0;0;0;0
642;20;0;0;0;40;40;30;0;0;0;0;0;0;0;0;0;0;0
